university_id,overall rank,overall score
1,101,58.4
2,151,50.3
3,320,32.6
4,644,
5,290,34.8
6,294,34.6
7,891,
8,20,85.8
9,1007,
10,521,
11,938,
12,1115,
13,459,25.4
14,404,27.9
15,1110,
16,572,
17,1084,
18,764,
19,298,34.4
20,383,28.7
21,93,60.8
22,602,
23,1134,
24,1006,
25,589,
26,990,
27,135,52.5
28,468,25.2
29,922,
30,118,54.3
31,1113,
32,161,48.1
33,162,47.4
34,726,
35,400,28.1
36,899,
37,877,
38,956,
39,994,
40,168,46.4
41,1043,
42,1077,
43,307,33.7
44,748,
45,1123,
46,636,
47,831,
48,834,
49,667,
50,112,55.3
51,436,26.4
52,48,74.3
53,59,70.1
54,695,
55,1120,
56,663,
57,1002,
58,105,56.9
59,296,34.5
60,587,
61,734,
62,965,
63,438,26.2
64,148,50.8
65,772,
66,1064,
67,869,
68,255,37.4
69,482,24.8
70,843,
71,845,
72,247,37.8
73,934,
74,606,
75,728,
76,205,42.3
77,209,41.5
78,595,
79,678,
80,690,
81,1078,
82,616,
83,384,28.7
84,643,
85,242,38.1
86,480,24.8
87,215,40.8
88,268,36.0
89,351,30.9
90,47,74.4
91,613,
92,116,54.8
93,743,
94,860,
95,150,50.3
96,892,
97,972,
98,46,74.5
99,835,
100,511,
101,1154,
102,603,
103,195,43.3
104,346,31.1
105,24,83.2
106,266,36.2
107,976,
108,865,
109,1136,
110,745,
111,1085,
112,894,
113,1114,
114,1054,
115,386,28.7
116,578,
117,805,
118,1124,
119,757,
120,236,38.8
121,1121,
122,1040,
123,300,34.3
124,311,33.4
125,730,
126,196,43.2
127,122,53.8
128,700,
129,160,48.2
130,593,
131,350,30.9
132,433,26.4
133,218,40.5
134,963,
135,1158,
136,777,
137,129,53.4
138,193,43.9
139,77,64.6
140,1009,
141,902,
142,66,67.5
143,317,33.0
144,471,25.1
145,637,
146,799,
147,478,24.8
148,802,
149,870,
150,96,60.3
151,472,25.1
152,110,55.8
153,729,
154,203,42.6
155,376,29.1
156,733,
157,260,36.7
158,919,
159,542,
160,633,
161,52,73.3
162,759,
163,380,28.8
164,570,
165,448,25.8
166,514,
167,655,
168,1079,
169,1100,
170,966,
171,753,
172,767,
173,1099,
174,1153,
175,635,
176,548,
177,75,65.8
178,559,
179,525,
180,620,
181,692,
182,601,
183,684,
184,944,
185,1034,
186,1088,
187,270,35.9
188,849,
189,768,
190,778,
191,807,
192,674,
193,714,
194,961,
195,907,
196,49,73.9
197,126,53.7
198,1057,
199,421,27.1
200,932,
201,164,47.2
202,8,93.6
203,890,
204,669,
205,173,45.9
206,1093,
207,876,
208,451,25.6
209,198,43.1
210,228,39.4
211,656,
212,211,41.2
213,755,
214,931,
215,946,
216,995,
217,1048,
218,639,
219,153,50.2
220,605,
221,1059,
222,1118,
223,132,52.7
224,335,31.7
225,507,
226,585,
227,40,77.1
228,86,62.5
229,222,40.4
230,538,
231,227,39.6
232,841,
233,43,75.8
234,356,30.3
235,988,
236,229,39.4
237,1165,
238,241,38.2
239,377,29.0
240,137,52.4
241,149,50.6
242,392,28.4
243,424,27.0
244,996,
245,412,27.5
246,1008,
247,653,
248,502,
249,18,87.6
250,701,
251,496,24.2
252,1061,
253,939,
254,35,79.4
255,479,24.8
256,1145,
257,37,79.0
258,1068,
259,3,97.9
260,284,35.1
261,634,
262,683,
263,842,
264,388,28.6
265,689,
266,727,
267,953,
268,165,46.9
269,878,
270,747,
271,522,
272,352,30.9
273,428,26.6
274,925,
275,232,39.3
276,958,
277,704,
278,801,
279,780,
280,1173,
281,1102,
282,929,
283,713,
284,573,
285,23,83.5
286,1031,
287,381,28.8
288,751,
289,263,36.4
290,941,
291,184,45.3
292,718,
293,848,
294,969,
295,7,94.3
296,295,34.5
297,476,25.0
298,794,
299,520,
300,230,39.3
301,897,
302,474,25.0
303,612,
304,809,
305,659,
306,1000,
307,389,28.6
308,1175,
309,518,
310,446,25.8
311,810,
312,967,
313,92,61.0
314,652,
315,1109,
316,1063,
317,202,42.7
318,366,30.0
319,671,
320,56,70.8
321,640,
322,288,34.8
323,313,33.3
324,324,32.1
325,183,45.4
326,364,30.0
327,1140,
328,1148,
329,417,27.2
330,1163,
331,204,42.6
332,657,
333,1181,
334,489,24.5
335,906,
336,402,28.0
337,17,88.0
338,776,
339,31,80.0
340,415,27.4
341,84,63.0
342,1097,
343,533,
344,838,
345,1083,
346,261,36.7
347,506,
348,987,
349,850,
350,1179,
351,803,
352,909,
353,484,24.7
354,817,
355,36,79.2
356,238,38.3
357,1091,
358,109,55.9
359,57,70.7
360,630,
361,830,
362,1119,
363,237,38.8
364,357,30.2
365,682,
366,577,
367,597,
368,687,
369,790,
370,857,
371,51,73.4
372,837,
373,884,
374,998,
375,686,
376,920,
377,332,31.8
378,746,
379,1152,
380,398,28.1
381,473,25.1
382,629,
383,67,67.5
384,390,28.6
385,286,34.9
386,736,
387,556,
388,1029,
389,853,
390,413,27.5
391,632,
392,889,
393,668,
394,716,
395,494,24.2
396,685,
397,949,
398,600,
399,829,
400,818,
401,342,31.5
402,44,75.4
403,536,
404,854,
405,579,
406,1053,
407,1058,
408,1095,
409,15,89.2
410,926,
411,977,
412,871,
413,338,31.7
414,271,35.9
415,337,31.7
416,571,
417,449,25.7
418,775,
419,1011,
420,991,
421,102,58.4
422,91,61.2
423,418,27.2
424,665,
425,1010,
426,199,43.1
427,599,
428,914,
429,235,38.9
430,303,34.1
431,425,26.9
432,725,
433,828,
434,423,27.0
435,466,25.2
436,821,
437,970,
438,847,
439,248,37.8
440,933,
441,942,
442,501,23.9
443,724,
444,550,
445,740,
446,575,
447,974,
448,422,27.1
449,910,
450,144,51.5
451,157,49.6
452,224,40.0
453,354,30.8
454,917,
455,83,63.3
456,1092,
457,681,
458,302,34.2
459,481,24.8
460,1143,
461,305,34.0
462,21,84.6
463,785,
464,945,
465,131,52.9
466,832,
467,120,53.9
468,921,
469,4,97.0
470,1167,
471,217,40.5
472,283,35.2
473,796,
474,378,29.0
475,614,
476,808,
477,1133,
478,341,31.6
479,234,38.9
480,95,60.6
481,127,53.6
482,539,
483,691,
484,1014,
485,708,
486,887,
487,1080,
488,1170,
489,276,35.5
490,647,
491,732,
492,723,
493,819,
494,979,
495,1035,
496,735,
497,78,64.6
498,88,61.5
499,903,
500,359,30.2
501,803,
502,98,59.5
503,450,25.7
504,1062,
505,461,25.4
506,273,35.6
507,362,30.0
508,924,
509,1021,
510,125,53.7
511,426,26.8
512,272,35.8
513,174,45.9
514,435,26.4
515,562,
516,773,
517,115,54.8
518,233,39.2
519,104,57.6
520,291,34.6
521,861,
522,664,
523,1019,
524,943,
525,64,68.6
526,134,52.6
527,200,42.8
528,453,25.6
529,333,31.7
530,872,
531,1026,
532,369,29.7
533,1138,
534,121,53.8
535,264,36.3
536,490,24.4
537,543,
538,711,
539,673,
540,866,
541,882,
542,955,
543,1087,
544,281,35.3
545,505,
546,197,43.1
547,19,86.5
548,968,
549,13,89.9
550,1017,
551,1065,
552,1071,
553,257,37.2
554,82,63.4
555,638,
556,1086,
557,87,62.0
558,310,33.5
559,622,
560,806,
561,159,48.5
562,793,
563,1066,
564,886,
565,913,
566,930,
567,74,65.9
568,213,40.9
569,846,
570,123,53.8
571,371,29.5
572,504,
573,879,
574,143,51.7
575,719,
576,363,30.0
577,267,36.0
578,625,
579,316,33.2
580,274,35.6
581,792,
582,989,
583,1060,
584,532,
585,54,71.2
586,923,
587,526,
588,103,57.9
589,531,
590,567,
591,1172,
592,709,
593,911,
594,175,45.8
595,5,96.7
596,12,91.0
597,486,24.6
598,136,52.5
599,212,41.2
600,875,
601,1129,
602,277,35.5
603,756,
604,167,46.8
605,444,25.9
606,397,28.2
607,1116,
608,1180,
609,812,
610,349,31.0
611,187,44.2
612,488,24.5
613,437,26.2
614,1108,
615,280,35.4
616,763,
617,30,80.8
618,781,
619,219,40.5
620,325,32.1
621,399,28.1
622,410,27.6
623,544,
624,306,34.0
625,833,
626,867,
627,9,93.1
628,90,61.3
629,957,
630,117,54.5
631,883,
632,513,
633,893,
634,58,70.6
635,434,26.4
636,462,25.3
637,1128,
638,245,37.9
639,262,36.7
640,895,
641,379,28.9
642,287,34.8
643,594,
644,524,
645,760,
646,185,44.9
647,128,53.4
648,154,50.2
649,189,44.1
650,319,32.9
651,477,24.8
652,839,
653,188,44.2
654,608,
655,309,33.5
656,936,
657,6,95.0
658,419,27.2
659,177,45.7
660,1177,
661,465,25.2
662,348,31.0
663,642,
664,859,
665,580,
666,1105,
667,584,
668,900,
669,312,33.4
670,53,71.9
671,813,
672,1044,
673,1089,
674,591,
675,791,
676,885,
677,660,
678,779,
679,1045,
680,722,
681,140,52.2
682,947,
683,108,56.4
684,106,56.8
685,650,
686,962,
687,739,
688,822,
689,491,24.4
690,282,35.2
691,557,
692,441,26.0
693,454,25.5
694,321,32.3
695,916,
696,986,
697,1107,
698,699,
699,285,35.0
700,568,
701,1137,
702,27,82.1
703,152,50.2
704,534,
705,1038,
706,38,78.9
707,225,39.9
708,33,80.0
709,631,
710,964,
711,864,
712,1125,
713,328,31.9
714,765,
715,1001,
716,330,31.9
717,1072,
718,408,27.7
719,1127,
720,820,
721,530,
722,1142,
723,62,69.0
724,1186,
725,107,56.8
726,675,
727,339,31.7
728,952,
729,100,58.8
730,985,
731,10,92.9
732,971,
733,1073,
734,249,37.8
735,226,39.7
736,387,28.6
737,615,
738,795,
739,698,
740,959,
741,201,42.8
742,156,49.7
743,493,24.2
744,555,
745,158,49.1
746,677,
747,358,30.2
748,340,31.7
749,651,
750,50,73.6
751,279,35.4
752,800,
753,445,25.9
754,475,25.0
755,720,
756,811,
757,863,
758,912,
759,742,
760,119,54.0
761,190,44.1
762,648,
763,22,83.7
764,787,
765,258,37.0
766,495,24.2
767,658,
768,1056,
769,1096,
770,827,
771,940,
772,553,
773,343,31.5
774,172,46.0
775,55,70.9
776,814,
777,251,37.7
778,497,24.2
779,984,
780,223,40.0
781,367,29.9
782,551,
783,1003,
784,443,25.9
785,901,
786,908,
787,1160,
788,623,
789,881,
790,155,49.9
791,1168,
792,464,25.3
793,960,
794,81,64.0
795,1106,
796,405,27.9
797,896,
798,1005,
799,766,
800,927,
801,32,80.0
802,76,65.5
803,318,33.0
804,275,35.5
805,1033,
806,406,27.9
807,499,23.9
808,180,45.6
809,374,29.2
810,804,
811,905,
812,329,31.9
813,231,39.3
814,645,
815,1130,
816,858,
817,721,
818,250,37.7
819,452,25.6
820,898,
821,80,64.1
822,439,26.0
823,170,46.2
824,176,45.8
825,256,37.2
826,361,30.1
827,1131,
828,621,
829,447,25.8
830,646,
831,754,
832,289,34.8
833,42,76.4
834,97,60.2
835,712,
836,547,
837,769,
838,978,
839,654,
840,79,64.3
841,214,40.8
842,265,36.2
843,39,78.6
844,163,47.4
845,336,31.7
846,210,41.4
847,360,30.1
848,560,
849,308,33.5
850,789,
851,705,
852,269,36.0
853,1027,
854,1104,
855,1166,
856,1117,
857,1049,
858,208,41.6
859,1183,
860,315,33.2
861,874,
862,670,
863,382,28.8
864,458,25.4
865,540,
866,252,37.5
867,741,
868,65,68.2
869,182,45.5
870,1178,
871,498,24.1
872,510,
873,178,45.7
874,16,88.6
875,982,
876,569,
877,1122,
878,139,52.2
879,45,74.8
880,607,
881,368,29.7
882,515,
883,1135,
884,798,
885,937,
886,950,
887,566,
888,983,
889,1161,
890,1067,
891,693,
892,738,
893,852,
894,888,
895,679,
896,851,
897,1082,
898,1147,
899,145,51.4
900,355,30.5
901,373,29.2
902,554,
903,306,34.0
904,840,
905,239,38.3
906,717,
907,331,31.8
908,403,27.9
909,26,82.7
910,576,
911,710,
912,928,
913,935,
914,1028,
915,1176,
916,1024,
917,347,31.1
918,456,25.4
919,825,
920,844,
921,1052,
922,29,81.5
923,1164,
924,391,28.5
925,688,
926,1094,
927,744,
928,467,25.2
929,627,
930,624,
931,61,69.9
932,826,
933,430,26.6
934,63,68.9
935,918,
936,731,
937,401,28.0
938,666,
939,696,
940,528,
941,537,
942,980,
943,327,31.9
944,586,
945,749,
946,487,24.6
947,1162,
948,353,30.8
949,545,
950,432,26.4
951,750,
952,797,
953,85,62.2
954,758,
955,973,
956,592,
957,71,66.7
958,604,
959,1055,
960,1018,
961,243,38.1
962,1132,
963,326,32.0
964,680,
965,503,
966,457,25.4
967,194,43.4
968,254,37.4
969,114,54.9
970,246,37.8
971,385,28.7
972,414,27.4
973,69,67.1
974,181,45.5
975,483,24.7
976,563,
977,770,
978,823,
979,868,
980,420,27.1
981,1126,
982,370,29.5
983,1,100.0
984,523,
985,301,34.2
986,1103,
987,395,28.4
988,1169,
989,304,34.1
990,41,76.5
991,1013,
992,1036,
993,114,55.1
994,873,
995,1149,
996,314,33.2
997,460,25.4
998,771,
999,588,
1000,1101,
1001,694,
1002,626,
1003,992,
1004,440,26.0
1005,431,26.5
1006,561,
1007,293,34.6
1008,463,25.3
1009,323,32.1
1010,509,
1011,590,
1012,598,
1013,752,
1014,862,
1015,1025,
1016,416,27.2
1017,552,
1018,191,44.0
1019,485,24.6
1020,904,
1021,856,
1022,975,
1023,1111,
1024,14,89.6
1025,529,
1026,617,
1027,147,51.0
1028,130,53.2
1029,407,27.9
1030,981,
1031,1150,
1032,836,
1033,1155,
1034,372,29.4
1035,574,
1036,527,
1037,564,
1038,649,
1039,1112,
1040,165,46.9
1041,816,
1042,60,70.0
1043,512,
1044,993,
1045,455,25.5
1046,824,
1047,596,
1048,113,55.2
1049,141,52.0
1050,519,
1051,697,
1052,244,38.1
1053,783,
1054,788,
1055,322,32.3
1056,583,
1057,25,82.7
1058,253,37.5
1059,124,53.7
1060,345,31.4
1061,1185,
1062,73,66.1
1063,72,66.1
1064,707,
1065,565,
1066,618,
1067,427,26.8
1068,220,40.4
1069,344,31.4
1070,470,25.1
1071,221,40.4
1072,609,
1073,641,
1074,702,
1075,774,
1076,535,
1077,1075,
1078,558,
1079,169,46.2
1080,89,61.4
1081,662,
1082,186,44.7
1083,375,29.1
1084,396,28.2
1085,855,
1086,951,
1087,1141,
1088,737,
1089,28,82.1
1090,297,34.5
1091,549,
1092,703,
1093,216,40.6
1094,880,
1095,610,
1096,761,
1097,409,27.6
1098,70,67.1
1099,34,79.9
1100,206,41.9
1101,658,
1102,676,
1103,278,35.5
1104,786,
1105,1171,
1106,541,
1107,611,
1108,411,27.5
1109,508,
1110,171,46.1
1111,393,28.4
1112,1151,
1113,999,
1114,915,
1115,1146,
1116,1156,
1117,469,25.2
1118,142,51.9
1119,326,31.9
1120,661,
1121,1090,
1122,582,
1123,94,60.8
1124,782,
1125,259,36.9
1126,1098,
1127,442,26.0
1128,997,
1129,111,55.8
1130,429,26.6
1131,192,44.0
1132,99,59.0
1133,207,41.8
1134,784,
1135,394,28.4
1136,2,98.4
1137,500,23.9
1138,179,45.7
1139,492,24.3
1140,516,
1141,517,
1142,619,
1143,146,51.3
1144,581,
1145,762,
1146,954,
1147,1016,
